Position (cm),Temperature (°C)
0,104.09019436753334
2,95.86512779982085
4,83.86962670824137
6,81.08450370181015
8,66.46830100275889
10,60.81652422564749
