Velocity[mm/s],Time[s]
0.803866542053451,0.0
0.8855767286730439,0.2
1.0060786368130383,0.4
1.2042390855570322,0.6
1.4839461045367874,0.8
1.9262096675857092,1.0
2.3248866058727193,1.2
2.751842934005137,1.4
3.1065724739309757,1.6
3.131382582291844,1.8
3.312983618046593,2.0
3.322721118604329,2.2
2.9778243211974873,2.4
3.4239855361492118,2.6
3.305321892697205,2.8
2.8575644093972645,3.0
3.04984390956145,3.2
3.004671915692466,3.4
